﻿{"cameraMode":{"drawMode":0,"name":"Shaded","section":"Shading Mode"},"sceneLighting":true,"audioPlay":false,"sceneViewState":{"showFog":true,"showMaterialUpdate":false,"showSkybox":true,"showFlares":true,"showImageEffects":true,"showParticleSystems":true},"in2DMode":false,"pivot":{"x":2.2179317474365236,"y":1.2847185134887696,"z":-2.0250566005706789},"rotation":{"x":0.024528756737709047,"y":0.7767307758331299,"z":-0.030307943001389505,"w":0.6286248564720154},"size":11.643107414245606,"orthographic":false}