﻿{"cameraMode":{"drawMode":0,"name":"Shaded","section":"Shading Mode"},"sceneLighting":true,"audioPlay":false,"sceneViewState":{"showFog":true,"showMaterialUpdate":false,"showSkybox":true,"showFlares":true,"showImageEffects":true,"showParticleSystems":true},"in2DMode":false,"pivot":{"x":-2.92694091796875,"y":-46.93140411376953,"z":62.28082275390625},"rotation":{"x":0.32179349660873415,"y":0.284903347492218,"z":-0.1021929606795311,"w":0.8971263766288757},"size":155.384765625,"orthographic":false}