﻿{"cameraMode":{"drawMode":0,"name":"Shaded","section":"Shading Mode"},"sceneLighting":false,"audioPlay":false,"sceneViewState":{"showFog":true,"showMaterialUpdate":false,"showSkybox":true,"showFlares":true,"showImageEffects":true,"showParticleSystems":true},"in2DMode":false,"pivot":{"x":0.050416432321071628,"y":-0.03629779815673828,"z":0.07589149475097656},"rotation":{"x":-0.005487905815243721,"y":0.8429890871047974,"z":-0.5378340482711792,"w":-0.008601962588727475},"size":11.811971664428711,"orthographic":false}